{
    "blend": {
        "func": "add",
        "srcrgb": "srcalpha",
        "dstrgb": "1-srcalpha"
    },
    "vertex": "sobel",
    "fragment": "esp_outline",
    "attributes": [ "Position" ],
    "samplers": [
        { "name": "DiffuseSampler" },
        { "name": "PrevSampler" }
    ],
    "uniforms": [
        { "name": "ProjMat",      "type": "matrix4x4", "count": 16, "values": [ 1.0, 0.0, 0.0, 0.0, 0.0, 1.0, 0.0, 0.0, 0.0, 0.0, 1.0, 0.0, 0.0, 0.0, 0.0, 1.0 ] },
        { "name": "InSize",       "type": "float",     "count": 2,  "values": [ 1.0, 1.0 ] },
        { "name": "OutSize",      "type": "float",     "count": 2,  "values": [ 1.0, 1.0 ] },
        { "name": "color",        "type": "float",     "count": 3,  "values": [ 1.0, 1.0, 1.0 ] },
        { "name": "outlineAlpha", "type": "float",     "count": 1,  "values": [ 1.0 ] },
        { "name": "filledAlpha",  "type": "float",     "count": 1,  "values": [ 0.25 ] },
        { "name": "width",        "type": "float",     "count": 1,  "values": [ 1.0 ] }
    ]
}
