{
    "targets": [
        "swap",
        "previous",
        "final"
    ],
    "passes": [
        {
            "name": "blur",
            "intarget": "minecraft:main",
            "outtarget": "swap",
            "uniforms": [
                {
                    "name": "BlurDir",
                    "values": [ 1.0, 0.0 ]
                },
                {
                    "name": "Radius",
                    "values": [ 2.0 ]
                }
            ]
        },
        {
            "name": "blur",
            "intarget": "swap",
            "outtarget": "previous",
            "uniforms": [
                {
                    "name": "BlurDir",
                    "values": [ 0.0, 1.0 ]
                },
                {
                    "name": "Radius",
                    "values": [ 2.0 ]
                }
            ]
        },
        {
            "name": "esp_outline",
            "intarget": "final",
            "outtarget": "swap",
            "auxtargets": [
                {
                    "name": "PrevSampler",
                    "id": "previous"
                }
            ],
            "uniforms": [
                {
                    "name": "color",
                    "values": [ 0.6078, 0.5647, 1.0 ]
                },
                {
                    "name": "outlineAlpha",
                    "values": [ 1.0 ]
                },
                {
                    "name": "filledAlpha",
                    "values": [ 0.25 ]
                },
                {
                    "name": "width",
                    "values": [ 1.0 ]
                }
            ]
        },
        {
            "name": "blit",
            "intarget": "swap",
            "outtarget": "final"
        }
    ]
}
