{
    "targets": [
        "swap"
    ],
    "passes": [
        {
            "name": "grainy_blur",
            "intarget": "minecraft:main",
            "outtarget": "swap",
            "uniforms": [
                {
                    "name": "radius",
                    "values": [ 2.0 ]
                },
                {
                    "name": "iterations",
                    "values": [ 8.0 ]
                }
            ]
        },
        {
            "name": "blit",
            "intarget": "swap",
            "outtarget": "minecraft:main"
        }
    ]
}
