{
  "required": true,
  "compatibilityLevel": "JAVA_8",
  "package": "org.kamiblue.client.mixin.client",
  "refmap": "mixins.kami.refmap.json",
  "client": [
    "MixinElytraSound",
    "MixinKeyBinding",
    "MixinMinecraft",
    "MixinStateImplementation",
    "MixinTileEntityBeacon",
    "accessor.AccessorEntity",
    "accessor.AccessorItemTool",
    "accessor.AccessorMinecraft",
    "accessor.AccessorTimer",
    "accessor.gui.AccessorGuiBossOverlay",
    "accessor.gui.AccessorGuiChat",
    "accessor.gui.AccessorGuiDisconnected",
    "accessor.gui.AccessorGuiEditSign",
    "accessor.network.AccessorCPacketChatMessage",
    "accessor.network.AccessorCPacketCloseWindow",
    "accessor.network.AccessorCPacketPlayer",
    "accessor.network.AccessorCPacketUseEntity",
    "accessor.network.AccessorSPacketChat",
    "accessor.network.AccessorSPacketEntityVelocity",
    "accessor.network.AccessorSPacketExplosion",
    "accessor.network.AccessorSPacketPosLook",
    "accessor.player.AccessorEntityPlayerSP",
    "accessor.player.AccessorPlayerControllerMP",
    "accessor.render.AccessorRenderGlobal",
    "accessor.render.AccessorRenderManager",
    "accessor.render.AccessorShaderGroup",
    "accessor.render.AccessorViewFrustum",
    "baritone.MixinBaritoneSettings",
    "entity.MixinEntity",
    "entity.MixinEntityLlama",
    "entity.MixinEntityPig",
    "gui.MixinGuiChat",
    "gui.MixinGuiContainer",
    "gui.MixinGuiIngameForge",
    "gui.MixinGuiIngameMenu",
    "gui.MixinGuiInventory",
    "gui.MixinGuiNewChat",
    "gui.MixinGuiPlayerTabOverlay",
    "gui.MixinGuiScreen",
    "network.MixinC00Handshake",
    "network.MixinNetworkManager",
    "optifine.MixinConfig",
    "player.MixinEntityPlayer",
    "player.MixinEntityPlayerSP",
    "player.MixinPlayerControllerMP",
    "render.MixinDebugRendererChunkBorder",
    "render.MixinEntityRenderer",
    "render.MixinFontRenderer",
    "render.MixinItemRenderer",
    "render.MixinLayerArmorBase",
    "render.MixinLayerCape",
    "render.MixinLayerElytra",
    "render.MixinMapItemRenderer",
    "render.MixinModelBiped",
    "render.MixinModelBoat",
    "render.MixinParticleManager",
    "render.MixinRender",
    "render.MixinRenderGlobal",
    "render.MixinRenderLivingBase",
    "render.MixinRenderManager",
    "render.MixinRenderPlayer",
    "render.MixinTileEntityRendererDispatcher",
    "render.MixinTileEntitySignRenderer",
    "render.MixinTileRendererDispatcher",
    "render.MixinViewFrustum",
    "render.MixinVisGraph",
    "world.MixinBlock",
    "world.MixinBlockFluidRenderer",
    "world.MixinBlockLiquid",
    "world.MixinBlockModelRenderer",
    "world.MixinBlockSoulSand",
    "world.MixinBlockWeb",
    "world.MixinWorld"
  ]
}
